ProductID,Review Score,Movie Score
 B003A02O38,1.11428571429,4.64285714286
 6302722055,0.133333333333,4.57142857143
 B004SIP6BI,2.1213740458,4.48473282443
 6301581598,0.875,3.0
 B0096RC57O,0.354166666667,4.5
 076780046X,11.234375,4.609375
 B003CRM6PA,0.526705653021,4.42105263158
 B000F0UTW4,1.66666666667,5.0
 B000FOR9XW,2.125,4.25
 B000ANVPPG,2.9029535865,4.44303797468
 B004TJRD94,2.4,5.0
 B000W2FI7Q,1.8,5.0
 B00005U14D,0.253333333333,4.08333333333
 B000FOR9XM,1.6,4.5
 B001ILFUDW,4.36842105263,3.68421052632
 B003YKDPAA,1.6,4.55555555556
 B000F8O3PU,0.15,3.4
 B007EMEOEA,7.75,3.75
 B000ANVPPQ,1.97972972973,3.66891891892
 630024847X,0.535714285714,5.0
 B000TJBO16,0.462745098039,4.26666666667
 B000KRN25I,2.44,4.0
 0790732033,0.88416988417,4.56756756757
 B003WF4574,-1.0,4.0
 B0014Z4OOI,0.869565217391,4.17391304348
 B003BM374K,0.55,3.96666666667
 B0045V6FRC,1.13218390805,3.86206896552
 B002CWWN0Y,0.444444444444,4.33333333333
 B000063USN,0.831168831169,4.36363636364
 B00005JYAY,0.862985685072,4.58282208589
 B004ZWHZUC,0.625,4.5
 B000W90JD2,0.875,3.75
 B007UK703S,1.4375,5.0
 B004X4ROPS,0.265217391304,3.7
 B000JR8HOU,0.944444444444,3.5
 B000ILYYYY,1.825,5.0
 B008M34Y72,0.351973684211,3.375
 B000J0XJC2,8.46762589928,4.53237410072
 B0001K5GOO,0.570512820513,4.57692307692
 B005KCA33C,1.4,4.0
 B0010XOKM0,-0.156862745098,2.5
 B00004WM3D,0.410149253731,4.30597014925
 B00004WM3E,1.93333333333,5.0
 6302066980,2.0,5.0
 B000F9RL9Y,0.294117647059,4.18181818182
 B0001GH7VS,0.188034188034,4.33333333333
 B00005RDSC,1.35714285714,4.64285714286
 6304646127,3.71428571429,4.64285714286
 B001ILFUDM,3.14169570267,4.56097560976
 B00005MFO8,1.40423728814,4.39406779661
 B005AZHGRU,-0.428571428571,1.0
 B0062MI5KM,-0.111111111111,3.33333333333
 5556167281,4.03837719298,4.77302631579
 B000IMM3XW,2.48773841962,4.20163487738
 B000F9RL9E,3.0,4.0
 0764004492,-0.111111111111,4.33333333333
 B000CDSS86,0.465217391304,3.53333333333
 0934837120,-2.25,5.0
 B003YBHZ28,5.04166666667,4.125
 B0049FFVGU,0.496913580247,4.0
 6304095775,-1.5,3.25
 B000A2WMGS,1.13333333333,5.0
 6300218767,1.2380952381,4.0
 B00005M1YM,0.477124183007,4.44444444444
 B0000WU79C,1.66666666667,4.66666666667
 B0000544LY,1.2125,4.75
 B003BUAP10,0.794871794872,5.0
 B001ILFUD2,4.91216216216,4.48648648649
 B0052IBFMW,-1.0,5.0
 6300233316,1.0,4.0
 6300215857,0.365591397849,4.77777777778
 B00067BBR8,0.586466165414,4.42857142857
 B000VII4D6,0.645360824742,2.78350515464
 B000ANVPP6,2.9029535865,4.44303797468
 B00005M1Y1,1.28125,3.70833333333
 B00005LKL8,1.01785714286,4.4375
 B0007R4T5I,1.5,4.66666666667
 B004R10MA6,2.80040322581,4.64919354839
 B008IG0F7G,1.71111111111,4.0
 B0042W0BQA,1.375,5.0
 B004USUOX6,0.973913043478,4.34782608696
 B00005LKL7,0.969246031746,4.20138888889
 B00020X8MA,1.33333333333,2.16666666667
 B004916TQA,2.25,3.9
 B00064N6VU,2.16666666667,4.5
 B000XJD37K,2.33333333333,5.0
 6304040164,-0.208823529412,3.8
 B002LEJQNA,-1.57142857143,3.0
 B000KX0IMM,-0.126984126984,3.57142857143
 B000068QPR,0.678571428571,4.66666666667
 B006MWA8O8,0.295194508009,4.0
 B000BB1ME6,1.0,5.0
 B004HRDMHK,1.490625,4.425
 B0000C8AXJ,-0.183333333333,4.0
 B00005V9I4,0.0781499202552,3.52631578947
 6305146187,-0.274509803922,3.33333333333
 B002UIGMYS,0.818930041152,4.81481481481
 B000VNMMRK,0.5,5.0
 B005FIXA6S,2.0,5.0
 B00005V9I0,0.380952380952,2.33333333333
 B003DBEX6K,1.16389776358,3.80670926518
 B002JVX0JG,0.944444444444,4.5
 6304653638,0.9,5.0
 B0008ENIM0,-0.128205128205,3.33333333333
 B002B7CFR6,0.67032967033,4.42857142857
 6302179661,2.0,4.0
 6303039405,0.212962962963,3.85185185185
 B005CXOGAU,0.632352941176,4.67647058824
 B001NRPR9S,0,5.0
 B0065PVKH6,1.3,5.0
 B000GALHPQ,2.2,5.0
 B001T89LXO,2.5931372549,4.19607843137
 B00000HF14,0.285714285714,3.71428571429
 B000PGDHHC,2.0,5.0
 B00006JU7O,0.625,3.25
 B00742GOP2,0.910256410256,2.61538461538
 B007TYI7RI,1.375,5.0
 B0007VY49K,0.270833333333,3.0
 6305829195,0.166666666667,4.0
 B00026L92K,-0.296296296296,3.0
 B0006A9FPU,0.571428571429,5.0
 6303079792,0.758620689655,4.62068965517
 B0002VGSKS,4.5,2.0
 B00005V9IR,1.33333333333,2.66666666667
 B000OF2T6E,0.571428571429,5.0
 B004H8X2ZQ,0.543209876543,3.51851851852
 B000CEXFBU,0.315939278937,4.64705882353
 B00005V9IE,0.653846153846,4.5
 B001NFNFMQ,0.515550807217,4.78395061728
 B0008ENIMK,0.304236200257,3.94736842105
 6301630688,0.224561403509,3.5
 B00005V9IB,0.992063492063,3.78571428571
 B001OKUREO,0.2695,3.22
 1569381704,-0.0625,4.75
 B00005V9IH,2.23383084577,3.34328358209
 B00005V9IC,-0.259259259259,1.66666666667
 6303864716,-4.0,3.5
 B00005V9IK,1.96538461538,3.80615384615
 B002OHDRF2,1.625,3.43811881188
 B00006LU76,4.0,3.2
 B00006LU75,-0.333333333333,3.6
 B005245E2I,-0.111111111111,4.66666666667
 B000H0MN5S,1.75,5.0
 B00006LU72,2.5,2.5
 B00004CZRQ,0.330459770115,4.54907161804
 B000KX0IM2,0.0528711484594,3.30882352941
 6301415833,1.46666666667,4.6
 B008474ZX4,-0.1,4.5
 B002VL2PTU,4.91180866966,4.73692077728
 B0006GAOL8,0.463590483057,4.46575342466
 B006A0R638,0.665441176471,4.4375
 B00005KB5B,1.875,4.0
 B00005V9I8,0.666666666667,4.57142857143
 B004I0EX8I,0.62962962963,4.33333333333
 B002C6VMHU,0.175,2.5
 6303998690,0.295454545455,3.5
 B000067J2U,0.923076923077,1.0
 6305340854,2.0,5.0
 B00005LKLD,4.23333333333,4.62933333333
 B00005U8E8,0.954545454545,5.0
 B001OASRAA,1.5,5.0
 B004ZVHSBY,2.25,4.0
 6303968902,2.5,5.0
 B006NO1SVM,0.925925925926,5.0
 B000ILYYY4,0.571428571429,5.0
 B004GIZX3Q,0.6796875,4.0
 B000H5U65W,1.08465608466,4.74074074074
 B000068C2L,0.646616541353,3.85714285714
 B00005U8E7,-0.888888888889,5.0
 B00004WCMT,1.10298507463,4.42164179104
 B0000DG6XL,1.0,5.0
 B0001ME59Y,2.33333333333,5.0
 B000ZHUFSK,0.477633477633,4.15151515152
 6305746540,0.8875,3.8125
 B0016H3I46,0.4,4.6
 6302686679,2.25,4.0
 B000UGBOT0,1.30864197531,4.04320987654
 6301367189,0.75,5.0
 B00005U141,0.5,3.75
 B0036DBMMI,0.486111111111,4.25
 B0000DG00X,3.0,4.0
 B0001GH7V8,0.800724637681,4.30434782609
 6304170408,0.969696969697,4.66666666667
 B00008HC9N,0.12987012987,3.27272727273
 6302643651,0.428571428571,3.42857142857
 B00005NHIU,-0.5,5.0
 B0019M7KT2,7.45,4.45
 B0030ZIZQI,0.426783479349,4.14893617021
 B00827OWSO,0.620202020202,4.77777777778
 B0041FZQPE,0.796296296296,3.7
 B00004RFI6,1.5,4.0
 B00004RFI7,1.5,5.0
 B002G4RDAI,1.27272727273,3.0
 B00004RFI5,0.5,1.5
 B0051ZIXMQ,-0.185753424658,2.95890410959
 B00015N4T8,0.52,4.0
 B00164E6HM,0.25,2.0
 B0019M7KTC,-2.2,4.4
 B004AR4WA8,1.4,5.0
 B00004RFIK,0.350241545894,4.17391304348
 B002F4YG4K,1.21428571429,4.71428571429
 B000MQ58TU,3.0,5.0
 B00004RFIF,0.266666666667,4.61290322581
 B00004RFIG,2.2,5.0
 B00004RFIE,0.126984126984,4.78571428571
 B0007ORDMW,0.533333333333,5.0
 B00170M2D0,0.411111111111,3.66666666667
 B000I9TX1U,0.722222222222,3.66666666667
 6300246299,-0.227272727273,3.5
 B002WKRSVA,1.0,5.0
 B004LB5FEA,2.68,4.2
 B004BAO4CK,2.75,5.0
 6300266850,0.15873015873,3.42857142857
 B0070225F4,2.66666666667,5.0
 B00000INBI,0.777777777778,3.0
 B004LB5FEK,2.66666666667,4.0
 B00005U8EY,0.2,4.6
 B00005U8EZ,0.0793650793651,4.33333333333
 B002W7IH0Y,1.825,4.8
 B000VHVGM8,1.03535353535,4.36363636364
 B00005U8EP,5.81818181818,3.27272727273
 B00005U8EQ,0.21130952381,3.5
 B00005U8ER,0.466666666667,4.30769230769
 6300186075,-0.204545454545,2.0
 B00005U8EU,0.0793650793651,4.33333333333
 6304880677,-0.5,5.0
 B00351U934,0.332323232323,4.80303030303
 630259751X,0.503676470588,4.625
 630354472X,2.125,4.5
 B000JUB2UI,1.625,5.0
 B00005U8EN,0.621739130435,4.54347826087
 B00005U8EO,0.450617283951,4.0
 B00005U8EA,0.833333333333,4.0
 B004D7SB5M,0.321428571429,4.0
 B00005U8ED,-0.888888888889,5.0
 B00005U8EF,0.833333333333,4.0
 B0095D5454,0.155515370705,3.74683544304
 B004XSHQRU,3.0,5.0
 6303154735,-0.04,3.2
 B008BSM1EG,1.0,2.71428571429
 B000067J2M,1.2,4.0
 6305809208,1.44545454545,4.54545454545
 B00000INBA,1.57142857143,5.0
 0790750708,0.093137254902,4.27941176471
 B0019RP6KC,0.143790849673,3.50980392157
 6305508569,1.02777777778,3.66666666667
 B002TK03YW,-0.933333333333,3.5
 B00005226W,0.856,4.8
 6305976104,0.366666666667,2.66666666667
 B002TV20LA,3.55882352941,4.0
 B00005NQ51,0.0539772727273,4.54545454545
 B005Z9MGQW,0.0,5.0
 B002TV20LK,0.0,4.0
 B001MWUWSK,-0.4,4.75
 0966199464,1.5,4.0
 B00005NKBU,1.1,3.25
 B0016PO9KU,4.0,4.0
 B001OKQ7BG,1.54258241758,4.56730769231
 B000I1V3MU,1.16666666667,4.44444444444
 B0001A9JEW,1.8,3.14285714286
 6304462689,0.333333333333,5.0
 B00096S43U,0.737931034483,4.58620689655
 B000055YXI,0.928571428571,5.0
 6301699599,0.119583843329,4.18421052632
 B005LAJ22Q,5.11780104712,4.59162303665
 B00096S43K,0.96170212766,3.95744680851
 B0010JR7GK,1.08333333333,4.0
 B0007OP1A8,0.462857142857,4.14285714286
 B0018PH3K6,-0.239819004525,4.07692307692
 B00096S43A,0.285714285714,3.83333333333
 6302373352,12.0,5.0
 B000WCN8TG,0.678571428571,4.42857142857
 B0001EYSQC,4.75324675325,4.53246753247
 B0013Z70YA,1.34615384615,3.5
 B00008FZHL,4.1875,4.75
 6303579485,-0.785714285714,1.66666666667
 B004WSATRK,0.85,5.0
 0790747324,3.45149911817,4.75132275132
 B003U6SJX6,1.19047619048,4.57142857143
 B00005JMZQ,0.1,3.625
 B00242KDEK,5.16666666667,4.5
 B00005V9I6,0.121693121693,3.44444444444
 B00008FZHF,1.5,4.0
 B000NDFHYS,0.2,2.7
 B000028U3S,0.689942528736,4.77586206897
 B000WCN8T6,0.859375,4.625
 B00005JMZK,0.353754940711,3.05928853755
 6303356699,3.0,4.0
 B0042W131W,-1.0,2.5
 B000EOU4NA,0.25,1.0
 B00005JMZA,0.897867564534,3.9012345679
 B0001WTVAM,0.625,3.875
 6304696698,1.625,3.0
 B000056PPE,0.588235294118,3.0
 1562229567,2.66666666667,5.0
 B0042W2IT8,0.0117647058824,1.8
 B000VHVGMI,1.18279569892,3.22580645161
 6303514723,1.8125,3.6875
 B0099VUXCQ,-2.0,1.0
 B0002A2VR8,-0.353846153846,4.0
 B00925T8YI,0.720930232558,5.0
 B0018Z5C54,0.388888888889,2.5
 B000CCD1XY,0.512605042017,3.78571428571
 6300147967,0.147690655209,4.86842105263
 B0007NMJZO,7.0,4.69230769231
 B000056BPD,-0.25,1.25
 B004AX5J5E,0.578125,3.75
 B000NPFF52,3.0,5.0
 B000RNUFXC,1.2,4.2
 B00000INB2,1.09259259259,3.88888888889
 B00000INB3,0.859375,4.625
 B00000INB1,0.511363636364,5.0
 B003HE4FBG,1.45,4.5
 6302949041,0.871794871795,5.0
 B00005QVUI,1.0,4.0
 B00008G1PX,2.26117647059,4.24235294118
 B00004WCMJ,0.714285714286,2.33333333333
 B008LYCDW0,2.3,5.0
 B001AXTYPI,5.76923076923,4.92307692308
 B000067J2Z,-0.222222222222,1.88888888889
 B00006G8I7,0.4875,4.0
 B000056PNH,0.909090909091,4.0
 B000056PNI,2.25,5.0
 B008ROG898,0.320197044335,4.42857142857
 6302719429,1.65,4.6
 B007HOQ574,-0.121212121212,4.66666666667
 B000XEDVEA,0.740740740741,5.0
 B0001NBNF2,0.433482142857,3.28571428571
 6302232163,1.53333333333,4.0
 6301387090,6.91176470588,4.29411764706
 B000IOM0RY,2.83333333333,3.0
 B000056PNV,0.717171717172,4.22222222222
 B000FP2PEE,0.47619047619,4.33333333333
 6305808155,-0.108796296296,3.22222222222
 B00004W221,9.18518518519,4.5462962963
 6305986398,0.727272727273,3.0
 B000GAKJXM,0.4,4.0
 B000AE8L2U,-0.0769230769231,1.69230769231
 B000ZLFALI,2.06229508197,4.67213114754
 6300215067,4.0,5.0
 B00028G4UU,1.5,5.0
 B000063JZ7,6.18518518519,3.81481481481
 B00005B7DN,0.421052631579,3.73684210526
 B001LMU1A0,0.301951219512,4.85365853659
 B0021542BK,1.25,4.5
 B00005B7DG,0.22,4.5
 B000057P5U,0.75,3.0
 B000QUCNRC,2.73333333333,3.8
 B001IT2942,0.984848484848,3.33333333333
 630207505X,-0.285714285714,3.5
 B000LXH5P4,0.642857142857,1.0
 B00005B7DP,0.0131578947368,3.73684210526
 6302139724,2.41666666667,3.0
 B002KPPEYA,0.142857142857,4.0
 B000AE8L2K,0.6875,2.375
 6303293670,1.0,5.0
 B000BB1NFO,2.25,5.0
 B000LXH5PO,-0.55,1.0
 B000AE8L20,0.107142857143,1.91666666667
 B001GBPZRU,0.57671957672,4.07407407407
 B000063JZU,-0.266666666667,4.2
 B001CUB9J8,-0.5,3.0
 B000FUF758,-0.705357142857,2.71428571429
 B0013UQUSM,-1.0,2.0
 B0048KQQC4,2.02631578947,4.15789473684
 B001DCE514,0.533333333333,4.0
 B00005NHIR,1.11111111111,5.0
 B001OMT62Q,4.0,5.0
 B0059JU0YS,1.33333333333,2.33333333333
 B001TGV882,1.02735042735,2.92307692308
 B002L5GDZI,2.6875,3.0
 6304005512,1.89722222222,4.77777777778
 B003BGZ60Y,0.237577639752,4.60714285714
 B0045TOM6K,0.375,2.5
 B001PTP3J8,1.4,5.0
 B001UHXL5S,-0.833333333333,1.5
 B000JJ5F70,0.8,2.66666666667
 B0007LPS7W,0.234509803922,4.01960784314
 B003SHYYM2,2.58762886598,4.42268041237
 B000FP2PE4,3.5,4.0
 B00000K0B3,-0.5,3.66666666667
 B0002TT06Y,2.13461538462,3.15384615385
 B00007L4N8,0.871794871795,3.66666666667
 B00004CK9I,0.825520833333,4.4375
 B000006GMQ,-0.5,2.0
 B000SKO8DC,0.0,1.0
 B001IT294C,0.537037037037,3.83333333333
 B0015UYTZG,0.199123989218,3.94642857143
 B001302UMW,0.392857142857,3.57142857143
 6303890334,0.166666666667,4.0
 B00008PW29,0.763157894737,4.25
 B000I0RVSG,1.375,4.0
 B003QWVPTE,0.666666666667,4.77777777778
 B000063W82,1.57724957555,4.82682512733
 B00006G8IL,0.0862745098039,3.4
 0767805534,2.89516129032,4.01612903226
 B008SAPAYA,0.480769230769,4.83333333333
 B000OFOSOA,1.66666666667,5.0
 B000KF0P2I,1.43939393939,4.54545454545
 B0041VEZVY,-0.0708333333333,2.875
 B003U6SJXQ,0.018315018315,3.22619047619
 6302806240,-0.8125,2.5
 6301325842,0.44,3.0
 B0006HBZXS,7.16129032258,4.32258064516
 6304288115,0.234509803922,4.01960784314
 B000FVQLQQ,0.813675548589,4.33855799373
 5554663931,1.0,4.0
 B005ZMBBR4,1.0,3.0
 B008SAPAYU,2.0,5.0
 B000B19E8W,0.914285714286,4.26666666667
 B000GETWF4,0.499667553191,4.38031914894
 B004RAJ1D6,6.33333333333,5.0
 B0007VY51W,4.4,3.4
 B0006VY6MG,0.35,5.0
 B000003O0Z,0.777777777778,4.06666666667
 B0036Q2RR4,2.4,5.0
 B005G5PNOW,3.64285714286,4.71428571429
 B00004CQT3,0.385416666667,4.5
 B000LXGW1W,2.625,4.0
 B00005U14N,1.16666666667,5.0
 B00004CQT4,7.0,4.4
 B000JJRY7E,1.06666666667,4.66666666667
 B0000DJZBK,0.434782608696,3.16666666667
 B00005U14C,0.65,3.375
 B000OIOSFG,0.4,5.0
 B0000060T0,2.75,5.0
 B004XSUBE0,0,1.0
 B0001GH7VI,1.18518518519,4.66666666667
 B001B9YBSQ,0.875,5.0
 B00005U14E,-0.533333333333,3.0
 B0071AD95K,2.44444444444,4.88888888889
 B001EI5BWE,1.15476190476,4.58333333333
 B00005Q58B,0.563492063492,3.96296296296
 B00004WCM2,1.5,3.71428571429
 B0036BDQ38,0.566666666667,5.0
 B0002V7TJC,0.41958041958,4.07692307692
 B00180OU66,0.872549019608,3.66666666667
 B0006GAI6O,2.27289377289,3.8956043956
 B000JJRY7Y,3.0,3.0
 B000053VQE,1.88235294118,4.43529411765
 B000OIOSFQ,0.666666666667,5.0
 B00008HC96,1.2,5.0
 B002DPRW1U,-0.2,1.0
 B00004CQTP,2.23076923077,4.73076923077
 630436119X,0.33950617284,3.55555555556
 B00005M1Y4,2.45833333333,4.66666666667
 B00005M1Y7,2.81578947368,4.5
 B00005M1Y6,4.91216216216,4.48648648649
 B0000028AJ,2.55555555556,4.77777777778
 B0000060TP,1.2,4.0
 B0002B55DE,0.238871017952,4.28400954654
 B0041XQRR2,0.171362852214,4.29787234043
 B000MTFFMC,4.03571428571,4.0
 B00005U149,0.882716049383,3.16666666667
 B00004T6FQ,2.0,4.0
 B001N8Z8K0,0.144927536232,3.5
 B005EP7HX4,0.933333333333,3.66666666667
 B00004CQTF,1.7027027027,3.89189189189
 B00005U142,0.0,4.5
 B003ZZ7TT2,2.0,5.0
 B000OIOSF6,0.5,5.0
 B001IDSZ1O,-0.960365853659,4.41463414634
 B00005U147,0.673076923077,3.25
 B00005U145,0.0440677966102,2.6
 B0088VQ0V6,0.27027027027,3.5
 6305796173,3.4375,4.125
 B000035P4U,0.6,5.0
 B000VJDTTO,1.6,3.0
 B00062IZGI,0.5,2.0
 B0078V2LCY,0.0806451612903,3.5
 B002IRYYK0,1.4,2.4
 0963199668,0.526315789474,4.0
 B000ILYYYE,1.23333333333,3.0
 B001M4154S,1.66666666667,4.66666666667
 B002SVTBFO,0.169326241135,4.41666666667
 B006MQ0GQE,1.9,4.2
 B00062IZGS,-1.75,3.25
 B000KF0P28,8.02380952381,4.80952380952
 B00000405W,3.0,2.0
 B000YTI3QA,1.2625,3.8125
 B0014Z4OO8,0.818181818182,5.0
 B003BEE7C4,-1.08333333333,4.0
 B003CJUWVI,0.373684210526,3.7
 B000F0UUOG,3.0,5.0
 B005ZMBBRY,1.0,3.0
 6302739918,-0.266666666667,3.66666666667
 B0000D0YWG,0.305555555556,3.5
 0792845773,1.312,4.48
 0800126033,0.611111111111,4.5
 B00009OWJQ,0.786008230453,4.40740740741
 0792151712,1.8,4.1
 B00009OWJT,0.429347826087,4.21739130435
 B00347AGH8,2.5,3.5
 B000GB5M5Q,0.525,3.25
 B002EWD0IG,0.833333333333,5.0
 B0009PBLOU,2.2,3.0
 B00000IC83,1.33333333333,1.0
 B002NEWO96,-1.0,3.0
 B0006FFRDE,0.888888888889,3.0
 6302761298,1.66153846154,4.30769230769
 B008YKQC6E,1.875,5.0
 B001AYMMK6,1.83333333333,4.0
 B000H5V8DG,1.20118343195,4.26035502959
 B00000K0B4,-0.333333333333,3.0
 B0006FFRDO,5.0,5.0
 B000MDH5US,0.428571428571,4.5
 B0052LZQ2O,3.0,1.0
 B006HNRSFE,1.55,5.0
 B000KGGJ0E,1.42857142857,4.42857142857
 B0006GAOLI,1.66666666667,1.0
 B0006GAI6E,0.498510427011,3.32075471698
 B000MRA542,0.595238095238,4.08333333333
 B0003OXEE2,0.627314814815,4.16666666667
 B000FDEV0W,0,5.0
 B00008FZHB,4.1875,4.75
 B002SRWNPI,3.83333333333,3.33333333333
 B0002UP0KS,1.01764705882,5.0
 B0000764K0,0.846153846154,3.46153846154
 B006UANE8E,2.5,5.0
 B000KGGJ0Y,0.413502109705,4.54430379747
 B001T46TUG,0.265567765568,4.46153846154
 B002PM8PZS,3.0,5.0
 0790733382,0.259765625,3.53125
 B000056N8U,0.783333333333,4.05555555556
 B000JBXHBO,0.230769230769,4.65384615385
 6304520735,0.135384615385,4.69230769231
 B0010XSL4S,0.235294117647,4.11764705882
 B000NJMJGQ,0.769696969697,4.4
 B000LQ80B4,1.66666666667,4.33333333333
 B007CU8PAI,-0.213333333333,2.92
 B008UO5U9E,0.666666666667,4.10294117647
 6302744520,0.501960784314,4.53333333333
 1571884327,1.5,5.0
 B001KNAI2Q,0.113131313131,4.18181818182
 B005C2TKLQ,0.574074074074,3.0
 B000A3457Q,0.729166666667,2.41666666667
 B000MRA54M,-0.277777777778,1.0
 B000KGGJ04,7.2,4.0
 B0084YBB16,0.809523809524,4.0
 B000G75B2E,0.356481481481,3.88888888889
 B0009Y7DSY,1.375,3.0
 B00006D2AQ,0.681318681319,3.30769230769
 6305962979,0.415816326531,3.35714285714
 B0014567LQ,-1.375,2.0
 B00005EB0B,0.390271493213,3.67307692308
 B0006FFRD4,0.888888888889,3.0
 B001589JX0,1.27272727273,5.0
 B000056PPF,0.594736842105,4.1
 B000H5U5IK,0.887096774194,5.0
 B0062ABXLM,2.5,4.0
 B00018YC3M,0.631016042781,3.72727272727
 B00379MVEO,0.222222222222,3.0
 B0009PBLO0,0.235732009926,3.92307692308
 B0012BUWI6,0.490196078431,1.33333333333
 B00018YC3W,3.30769230769,4.30769230769
 B0006UYNSO,0.172739541161,4.18421052632
 B001L2DTXG,0.193771626298,4.11764705882
 B006R9CBOG,1.16571428571,4.8
 B000H5U5IU,0.422222222222,3.33333333333
 B0001LQJWG,4.125,4.5
 B000J1NGY2,-1.0,1.0
 B00008G4H7,1.84705882353,4.11764705882
 B004LB5FE0,0.416666666667,4.5
 B00004CZRA,0.266025641026,4.21153846154
 B000FEBWF8,1.16666666667,4.33333333333
 B004R6VHPK,-0.00591715976331,1.53846153846
 B0049IHX36,0.466666666667,2.0
 B003Y5PF80,0.89082278481,4.39240506329
 B001J88VJY,1.66666666667,5.0
 B00005UW7E,0.678313253012,4.21686746988
 6302405688,0.675925925926,4.16666666667
 B00004YVV8,0.866666666667,3.25
 B0010C54D0,0.809523809524,2.66666666667
 B00005UW7H,0.383490073145,3.72727272727
 B001XXJQDU,1.25,4.0
 B00005UW7J,0.538461538462,4.0
 B000KF0P2S,4.16666666667,5.0
 B000MGTT4K,3.44444444444,4.66666666667
 B0000EYVJM,-0.166666666667,5.0
 B000MGTT4U,0.990384615385,4.53846153846
 630577238X,0.0,3.4
 B000HLDF8Q,3.75,5.0
 B000BUBETU,1.44444444444,5.0
 B007HCF5AE,2.0,1.0
 B006WDECNK,1.0,1.0
 6301966961,1.05555555556,4.66666666667
 B0000063PS,0.984848484848,4.83333333333
 6300213056,2.66666666667,4.0
 0790701251,0.588888888889,4.29841269841
 B00008YLVB,0.253360215054,4.875
 B00008YLVC,-0.035,3.2
 B006JIUN2W,2.5,5.0
 6303464572,0.296296296296,4.5
 B001VYX91G,-0.25,3.0
 6302149525,0.909090909091,4.0
 B000Q7ZNZ4,0.472222222222,4.5
 B001MBE63I,0.197478991597,4.35294117647
 B00068S3VY,0.555555555556,2.66666666667
 B0012EM5G0,2.04081632653,4.28571428571
 B0053O6Y9E,1.35714285714,4.0
 B003PX4S9I,1.359437751,4.30120481928
 B0001WJN8M,4.33333333333,2.0
 B00005QC3M,0.211678832117,3.02919708029
 5553600715,1.91535776614,4.33507853403
 B0012EM5GK,0.818181818182,4.57575757576
 B001G4ANCY,3.33333333333,4.66666666667
 B00475E0A0,2.82142857143,5.0
 B00005Y6Y2,0.0784671532847,3.92700729927
 B0012EM5GA,0.818181818182,4.57575757576
 B000AYEL9W,1.2625,3.8
 B000AXWH7G,0.382222222222,4.86666666667
 B000GGSMNK,7.52136752137,4.69230769231
 B000PTYRPA,0.3,2.85714285714
 B00008YLV0,0.354838709677,4.25
 B000I64V24,-1.1,4.0
 B00005V9I7,2.03333333333,4.9
 B00008YLV6,0.0416666666667,2.25
 B00008YLV7,0.181060606061,4.38636363636
 B00008WFTV,1.4537037037,4.55555555556
 B0023S4A12,0.119047619048,3.7
 B009HNDF3K,11.24,3.3
 B00008WFTU,1.4537037037,4.55555555556
 B001J3NF54,1.68421052632,3.0
 B00005V9I1,0.218623481781,4.46153846154
 6301798708,0.496370235935,4.22413793103
 B000EMGIWI,1.0,3.0
 B008X1O7KM,0.321544151641,4.23786407767
 B0009UZGHI,2.21428571429,4.42857142857
 B000SVZIJO,0.375510204082,4.22448979592
 B0050GCJO4,1.2,5.0
 6301303016,0.549565217391,4.39130434783
 B000OYCNXY,1.66666666667,5.0
 B0010C54DU,0.5,2.5
 B007OWUZE8,0.1875,4.5
 630530159X,3.0,5.0
 6305988838,-0.285714285714,2.0
 B003BRYA9G,2.46666666667,5.0
 B000NOKM9M,0.5,3.0
 B000UV00T0,0,1.0
 6302783305,3.0,5.0
 B008Q00I2Q,0.288352272727,3.94696969697
 B0076Z4BBG,1.7,5.0
 B003VHELLI,4.0,5.0
 B00004U8KV,1.07807807808,4.24324324324
 B000JJ5F7U,1.0,2.0
 6304239343,0.515306122449,4.5
 B0009PW3QK,0.228571428571,4.4
 B0006A9FPA,0.571428571429,5.0
 B004ULNJOO,0.6,3.0
 B00819ZCP0,0.272049689441,3.42857142857
 B000LXHFUO,1.05128205128,4.69230769231
 B0072V6PPE,0.329017731495,4.36842105263
 B00005V9IA,0.481481481481,3.66666666667
 6302650488,4.0,3.0
 B00005V9I3,0.594444444444,3.8
 6301045734,0.805555555556,4.88888888889
 B000CCD1XE,4.0,4.0
 B0042AH2I2,3.66666666667,1.66666666667
 B000065FKL,0.432432432432,3.62162162162
 6302458900,1.604,4.66
 B000CCD1XO,-2.5,2.0
 B001CE9DAG,-0.4,2.66666666667
 B00000IC8J,0.0208333333333,1.16666666667
 B000JJ5F7K,0.428571428571,2.0
 B001ENWSAC,0.985714285714,4.71428571429
 B0000B3FE6,-0.333333333333,4.0
 B0088W2LC2,1.0,3.0
 B001CMZJUG,1.34782608696,4.0
 B008CN092G,0.798076923077,4.46875
 B000083ED4,0.848030018762,4.41463414634
 B0063FGFCS,0.491582491582,3.45454545455
 B0002I82XW,7.37634408602,4.5376344086
 B004TWOX26,5.4,4.6
 6303269680,0.190909090909,4.2
 B003QWVPT4,0.853703703704,3.91666666667
 6304092083,0.5,4.5
 6302518296,0.32967032967,4.57142857143
 6301901274,0.225,3.0
 B000RL08AE,0.933333333333,3.8
 B00006JU7L,0.326388888889,3.77777777778
 B000EQ5V86,0.0546721457924,1.9689119171
 B0002J4ZW8,0.308731808732,2.90540540541
 B008H5VFU4,-0.305555555556,4.0
 B008IG09KE,0.37984496124,4.0
 6304276958,1.5,4.0
 B00077BPBY,4.0,5.0
 B003F41T2Q,1.87068965517,3.31034482759
 B00004TXBN,0.193406593407,3.30769230769
 B000SM6FBS,0.4,2.0
 B00005LKL6,1.67378640777,4.58252427184
 B00104FZCI,1.5,4.5
 6300135233,1.21428571429,5.0
 B0071AD9KK,0.838383838384,4.87878787879
 B0002W19Z6,1.48333333333,4.6
 B003E1QC1S,0.8125,3.75
 6303111734,2.4,5.0
 B004S8UU4Q,0.55,3.6
 B003AI2VGA,-0.247619047619,2.85714285714
 5555223870,1.14285714286,5.0
 B001PHA6PQ,0.7375,4.875
 B000CCD1X4,0.158567774936,4.58823529412
 B001AYMMKQ,0.25,4.0
 B000T4SWXO,4.28235294118,4.69411764706
 6303955746,0.8,3.66666666667
 B00022PZJW,2.33333333333,5.0
 B003CJNFGM,2.0,5.0
 B000KX0IMC,0.227272727273,4.4
 B001AD6UJ6,0.653846153846,5.0
 B000OVLAB8,0.5,5.0
 B003C5FN6Q,-0.030303030303,2.66666666667
 6303359329,2.5,5.0
 B003ICXC02,0.0583333333333,4.3
 B003XKQ62A,1.25,4.5
 630487250X,-0.204301075269,4.33333333333
 B006RXQ6FM,2.71428571429,4.09821428571
 0955766818,0.4,4.0
 B00000IC80,-0.0740740740741,2.0
 6304204019,0.985714285714,3.64285714286
 B00000IC82,0.602564102564,3.0
 B00000IC84,1.125,2.0
 B00000IC87,1.125,2.5
 B00000IC89,1.0,2.0
 B001OFSK3E,9.23140495868,4.18181818182
 6300213153,0.579710144928,4.33333333333
 B005UYF7KY,0.9675,4.05
 B0030ZOYW2,0.626262626263,4.33333333333
 6301173147,2.5,5.0
 6302760046,-0.5,5.0
 B00004CM33,0.151515151515,2.66666666667
 B002LSIAQU,0.309090909091,3.81818181818
 B0019F02WG,10.25,4.25
 B00004CZRS,0.8875,3.8125
 B0050QNO2K,1.5,4.0
 B001LOY1IG,0.356209150327,4.25925925926
 B000KX0IMW,0.214929214929,4.19047619048
 B0002PYS4M,0.365079365079,4.11111111111
 B0010XUKI8,0.895833333333,3.5
 B003KM8U8O,1.00543478261,3.60869565217
 B000CQQI9O,1.02857142857,3.80952380952
 6301248546,0,4.0
 6303037569,1.4,5.0
 B002YJMMBA,1.5166015625,3.71484375
 B000Y8KM3I,0.0,4.0
 B008R52L4I,-0.642857142857,4.0
 B000CNET2A,2.4,3.2
 B0089VX0W2,0.333333333333,4.0
 B004VGH63I,1.08333333333,5.0
 B00870YR7M,1.23076923077,5.0
 B003QVVJY6,1.52941176471,5.0
 B000NY1EC6,0.644444444444,4.53333333333
 B000CNET2K,-0.45652173913,4.0
 B0006HBV46,0.446153846154,4.2
 6305804427,1.16666666667,4.0
 6302918928,2.33333333333,2.0
 B00009YXGX,2.88571428571,3.71428571429
 B001HXDQAU,0.0993788819876,2.42857142857
 B008R52L48,2.0,1.0
 B008FPU7AA,-0.0637254901961,3.33333333333
 B000CNET20,2.0,3.0
 B00009YXGR,1.45833333333,3.5
 B00185J7KA,0.307692307692,4.0
 B000NNM4BC,1.0,1.0
 B000TMPDCY,0.312605042017,3.77142857143
 B0086460CY,0.202380952381,4.16666666667
 B0085KGGLY,0.449579831933,3.82142857143
 B0009OL90W,0.388888888889,3.33333333333
 B0042KZJN2,1.13333333333,4.83333333333
 B00008YLV9,0.916666666667,3.0
 B001FB55HQ,1.625,3.43811881188
 6301966422,0.315972222222,4.4375
 B0009OL90M,0.552083333333,3.75
 6305949816,4.0,5.0
 B004TPJN2S,1.18974358974,4.48717948718
 B000CQQI9E,0.527777777778,4.7
 6304366035,10.1369863014,4.41095890411
 0800103688,6.81168831169,4.38961038961
 B004ZXW2PE,-0.7,1.0
 B000GIWU9A,2.0,3.0
 078401115X,0.682352941176,4.54117647059
 B00005U146,-1.5,5.0
 B00005NKBV,0.0,4.0
 B000065K9R,7.93567251462,3.54970760234
 6303149073,0,1.0
 B0019F02W6,0.908333333333,4.08333333333
 B000NVL49W,0.778431372549,4.88235294118
 6302533244,0.0,5.0
 B003BV8IBI,3.0,5.0
 B004097IKW,0.293209876543,3.75
 B009D0AZI0,0.630952380952,5.0
 B000065K9E,1.03619909502,3.47058823529
 B000NVL49M,3.0,4.8
 B00000IC8E,0.625,2.0
 B00005NKBE,3.36639118457,3.85123966942
 B00000IC8F,0.785714285714,2.85714285714
 B00000IC8I,0,5.0
 B000W4CG60,0.277812696417,4.41860465116
 B00000IC8K,-0.0740740740741,2.0
 B001CCMLR0,-2.0,3.0
 B00000IC8M,0.602564102564,3.0
 B002LSIAQ0,0.288461538462,3.25
 B000FEBWFS,1.0,2.33333333333
 B00005NKBL,-0.0416666666667,1.0
 B000A9QK8M,2.32203389831,4.42372881356
 B00005YGRX,4.33333333333,4.33333333333
 6303454488,1.185,4.45
 B002KFPMBA,1.5,4.0
 B0088QNUUK,1.25,5.0
 B00164E6HC,1.0,4.33333333333
 B0001BMMEA,0.454545454545,4.5
 B00005V9IL,1.60084033613,4.15966386555
 B003NEQ74S,0.777173913043,4.0652173913
 B0000VD0AG,2.875,4.66666666667
 6302091594,4.66666666667,4.22222222222
 B006FYGF8Q,2.17810457516,4.47712418301
 B000BB1MEG,1.234375,4.0
 B000QGE8ME,-0.25,1.5
 B000A7Q2I2,4.4512195122,4.5
 6301967917,0.272,4.2
 B009RAF860,0.962962962963,4.33333333333
 B00081U75O,0.0630434782609,2.75
 B001QB5SCM,1.09219858156,3.99290780142
 630188437X,1.28571428571,5.0
 B004EPYZQ2,0.253143151239,3.60341151386
 B001NZWEI2,2.4,4.6
 B00502BGMO,2.0,5.0
 B00005UW7I,0.625730994152,4.0
 B00004RQBF,0.624183006536,3.76470588235
 B000050X31,0.2,3.96551724138
 B00004RQBA,0.539915966387,2.67857142857
 6301979656,-0.444444444444,4.0
 B008H6GHL0,0.496163682864,4.26086956522
 B000QEITJO,1.47368421053,2.89473684211
 1569312486,5.5,4.0
 6303386326,0.383333333333,4.25
 6302965195,0.125,5.0
 B002YKY9QK,-0.148148148148,2.55555555556
 B000LE1GEO,0.535714285714,4.0
 B00004RQB1,4.92720306513,4.7816091954
 B006HG141A,2.0,1.0
 6301723465,-0.192307692308,2.16666666667
 B000KKQNRO,0.648848684211,3.49506578947
 B0006N2DS8,0.393333333333,2.9
 6304792352,5.75,4.5
 B006QFIK8M,3.0,5.0
 B000F9RL9O,2.11637931034,4.6724137931
 B005QB2JR0,0.602678571429,4.28571428571
 B00000IC8L,-0.238095238095,1.16666666667
 B0002RQ2VW,0.0979591836735,4.1
 B004EPYZQM,1.88489208633,4.3273381295
 B000A7DW7Q,0.237577639752,4.58695652174
 B006OIW2NA,0.951923076923,4.18269230769
 B001NZWEIC,-0.8,3.0
 B0011VJRXS,3.0,2.5
 B000HXDTHG,3.0,4.0
 B007RQP5W8,0.6,5.0
 B00076ON5U,0.179945054945,3.69230769231
 B00005V9IF,-0.222222222222,2.0
 B002CWKTZA,3.6,5.0
 B005LXWYKU,1.17307692308,3.84615384615
 B0000TPAVK,1.41666666667,3.0
 B00022VM5S,1.88888888889,4.33333333333
 B000F6ZPKY,1.0,4.81818181818
 1572525835,0.0909090909091,3.0
 B000028U32,-2.0,5.0
 B005B5PD92,0.6,4.0
 0793927560,1.6,5.0
 B00022VM5I,0.343636363636,3.72
 B0012Q3SYG,1.31428571429,4.2
 B003Y7YUOS,3.0,5.0
 B00005NKBZ,0.176870748299,3.42857142857
 1570762589,1.31111111111,4.33333333333
 B009N4Z9XW,1.6,3.0
 B0001ADAVK,0.732581967213,3.6393442623
 6305101132,-2.0,4.0
 6302999014,2.25,4.0
 B000QUCNR2,1.1,5.0
 B0035AO4WC,0.763,4.58
 B001AQT0VI,6.53216374269,4.70760233918
 B00199PPOM,2.5,3.0
 6305074054,0.827272727273,4.09090909091
 6301971493,-0.302083333333,4.66666666667
 B000AMWIVM,0.117872436331,3.68356997972
 B002NE4HAU,0.75,5.0
 0767825454,2.0,1.0
 6304972857,6.30555555556,4.25925925926
 B000W12MWQ,0.948717948718,3.07692307692
 B001MWUWSA,-2.0,5.0
 B002YA07RA,-0.119565217391,4.75
 B001YU7XQO,4.75,3.75
 B00433TOWA,0.0,2.0
 6301882741,1.0,5.0
 B000SVZIJY,0.604395604396,3.76923076923
 6301576152,0.670454545455,4.125
 6305075654,1.06944444444,4.75
 6301928334,0.0767857142857,3.91428571429
 B0016OLXN2,3.07092198582,4.63829787234
 B0038NBM6C,-0.517857142857,2.64285714286
 6300207978,0.685714285714,2.2
 6305441286,2.90229885057,4.44827586207
 B0080JT9PK,0,1.0
 B00013EY80,0.719576719577,4.85714285714
 B00284EMI2,0.492063492063,4.33333333333
 B000KCHZ6A,0,4.0
 B004G5PZ00,1.5,4.83333333333
 B0014ERKO0,1.65631067961,4.31844660194
 B0000DG6XM,1.0,5.0
 B009QW6BXS,1.06976744186,4.02325581395
 B000063W1R,2.7935483871,4.1
 B00129G5Y8,2.5,5.0
 B0030N1Z8K,0,5.0
 B00005LKLN,1.13636363636,4.31404958678
 B0007VY51C,0.5,2.0
 B00319HT9M,2.84,4.0
 B00004UTXP,-0.428571428571,5.0
 B0002V7TJM,0.5625,4.5
 B007NF02Q2,0.1,1.0
 B0002I8336,0.909090909091,4.0
 B0001MIRDE,1.5,3.75
 B001P7JVJS,1.61111111111,3.83333333333
 B00005NKBK,-0.0416666666667,1.0
 B000299URS,0.75,4.0
 B00284EMIM,0.68253968254,2.85714285714
 B00004CKDV,6.72307692308,4.32307692308
 B000SQJ28C,0.5,4.36842105263
 B0038QJ74S,3.0,5.0
 B0007OP1AS,0.0,3.0
 6303561284,0.357142857143,2.5
 0966012224,2.5,5.0
 B0013BXW6E,2.33333333333,4.0
 B00005UKKE,4.70161290323,4.04838709677
 B0002V7TJW,0.5625,4.5
 B0001WTUZI,0.230769230769,3.0
 B00005V9IJ,0.264505471815,4.06586826347
 B001MWUWS0,0.168888888889,4.77777777778
 6304675771,8.75862068966,4.3645320197
 6304173083,1.83333333333,4.66666666667
 B001ELC6FG,-0.0309523809524,2.16666666667
 B0002EJ87U,0,4.0
 B0007N1JYG,4.4,5.0
 B007SDTKD0,-3.0,1.0
 B004S8UU4G,2.5,5.0
 B00097E6NQ,0.455555555556,4.22222222222
 B0017IVHOW,2.33333333333,5.0
 B0007M21Y4,0.442307692308,4.5
 6303628389,2.66666666667,4.0
 B008CPAX16,-0.583333333333,3.0
 B0040OY9ZE,1.14705882353,3.5
 B000OYTPJO,2.11607142857,4.47321428571
 B0034ZDUK0,2.2,1.0
 1931046972,0.307692307692,5.0
 B006NO1SV2,0.925925925926,5.0
 B002SI7UCI,-0.4,3.75
 6302599687,2.0,5.0
 B001E6JCBC,0.429645542427,4.36734693878
 B002BVUBO6,1.39772727273,4.54545454545
 B000ZKB072,2.66666666667,2.0
 B00005MFO9,0.279274004684,4.29508196721
 B00005U8E9,2.5,5.0
 B00319HT9W,1.04588235294,4.55294117647
 B00000IBNW,0,3.0
 B007H52KA4,0.266666666667,1.66666666667
 B008NNY8CW,0.025641025641,3.33333333333
 B006Z21ZEW,0.736928104575,4.63888888889
 B0009OUC5U,0.148333333333,4.6
 B00006HAXW,1.07692307692,4.84615384615
 B00005UF9O,0.351851851852,3.64444444444
 B003ZG3GAM,1.33333333333,5.0
 B00319HT9C,4.26470588235,4.79411764706
 B00005UF9K,0.612121212121,3.93939393939
 B003X3BYJW,1.08333333333,4.66666666667
 B000VULA9E,14.9816513761,4.22018348624
 B0030FT96S,1.21739130435,5.0
 B00004UF19,1.00258397933,4.05813953488
 B000T7XFGU,0.8,4.0
 6303704840,0.433333333333,3.75
 B00004UF16,0.455842997324,4.06779661017
 B0042YY542,0.6,3.4
 B00004UF14,1.3624260355,4.51479289941
 B00004UF12,1.06081081081,3.72972972973
 6305538409,0.0571428571429,1.71428571429
 B002B900BM,0.0,3.5
 B009M8EA3Y,2.5,5.0
 B00018D3XW,0.759578544061,4.47126436782
 B000VQYDHY,0.666666666667,4.0
 B004SCMGSU,0.659090909091,4.66666666667
 B0016PT95A,0.25,3.5
 B00077BOSS,1.0,4.0
 6304179499,1.05660377358,4.64150943396
 B0000DK4QE,1.45698924731,3.63440860215
 6301813855,6.6,4.76
 B000V2I234,-1.0,3.33333333333
 B00015HX9K,1.55555555556,4.0625
 B0031Z5RWW,0.5,3.0
 B0028O34N6,1.5,4.0
 B003DQOS8S,0.714285714286,1.0
 B0000DK4QK,0.728768926926,3.88940092166
 630156443X,0.45,3.75
 B009CWWCYO,-2.0,1.0
 B000V4FTM4,1.0625,4.25
 B0002EXFNI,1.7898089172,3.92993630573
 B0031Z5RWC,-1.5,1.0
 B0024NSG2U,2.04166666667,5.0
 B000Y59D72,2.0,4.0
 B003Y5GMNC,2.66666666667,4.2
 6304277490,1.25,4.5
 B0042800WE,0.152935606061,4.03125
 6304888465,0.761363636364,4.0
 B002FLZKAM,0.537878787879,2.875
 0967877709,1.16666666667,5.0
 B000Y11BGC,0.5,3.0
 B002AJLMNS,1.61111111111,3.5
 B00006G8IV,4.125,3.625
 B00192QNXQ,0.0222222222222,2.55555555556
 630403945X,1.46666666667,3.66666666667
 6305233438,0.777777777778,1.66666666667
 B00015HX9A,1.744,4.504
 B00005U14O,1.68888888889,4.2
 630187837X,1.33333333333,5.0
 B00004CJ1R,1.20467836257,4.10526315789
 B000R9GMGK,0.714285714286,3.5
 B0011FDVK4,1.33333333333,3.83333333333
 B00004CTUN,0.0944444444444,4.5
 B002PBP8HW,0.130208333333,4.625
 B000WI23KA,0.907407407407,3.66666666667
 B0009P42T6,1.16666666667,5.0
 1573470937,1.28571428571,5.0
 B000NOIVTA,1.45833333333,5.0
 B003IYZ46A,0.5,2.0
 B00006G8IZ,0.210227272727,3.75
 B000P6R55W,2.625,2.0
 B0001ME59O,2.0,5.0
 B000EOU4N0,1.0,4.0
 B000NOIVTK,-0.179310344828,1.13333333333
 B000OIOXQK,0.2,5.0
 B0077T5SS6,10.5,5.0
 B000067J24,0.451666666667,3.75
 B000067J25,-0.8,2.14285714286
 0793903335,0.427083333333,4.5
 6302510163,0.166666666667,4.0
 B006YSHAU0,-0.333333333333,5.0
 6302181585,0.533333333333,4.33333333333
 B00652U6LU,1.0,4.0
 B0041KKZH8,0.257257257257,4.48648648649
 B001U5S2WM,0.216517857143,4.375
 6301931629,0.369312169312,4.95555555556
 B000NVI2JM,0.119047619048,5.0
 B0060ZNFVK,1.9,3.5
 B00151QYU8,0.483245149912,3.9873015873
 B000HT3PV0,2.25,5.0
 B001NA60A0,4.00326797386,4.37254901961
 B000YYVLSW,-0.444444444444,1.0
 B00284EM3M,0.138888888889,4.0
 6300208397,0.730769230769,5.0
 B007ATHNHC,0.642857142857,4.0
 B000B9E2MC,0.384615384615,4.0
 6304031831,0.287878787879,2.93333333333
 B000SRSWXC,3.5,5.0
 B000056N8R,1.08333333333,5.0
 6301885597,2.0,4.0
 B00284EM3C,2.09375,4.475
 B003K4Y7NO,1.88888888889,3.66666666667
 B004BF0DMU,1.6,4.0
 B00004CTUA,1.49537037037,4.46296296296
 B0094MOQ0K,1.98571428571,4.0
 B00027JYT4,0.314285714286,3.2
 6305581959,0.466666666667,3.66666666667
 B000056N8T,0.783333333333,4.05555555556
 6303467245,1.58333333333,4.66666666667
 6302739896,0.916666666667,3.5
 B000AXWH7Q,0.429292929293,3.0
 B0013UQUSW,1.33333333333,5.0
 B0001XARPO,4.0,2.66666666667
 B004G6ZPX6,1.04166666667,4.0
 B003LSZFUI,-0.0276679841897,4.60869565217
 B0092MDYV4,0.200892857143,3.0
 B001TK29GS,-1.0,5.0
 B00178U3CY,0.723333333333,3.75
 B0002910TY,2.0,4.0
 B007HJ9QMA,0.434482758621,3.96551724138
 B000056N8W,0.430555555556,4.41666666667
 0940871491,1.2,3.0
 B001T89LXY,0.555555555556,4.6
 B0000DK4QJ,0.161922430286,4.1416893733
 B004M8SRHY,0.237980769231,3.92307692308
 B000067J2G,2.8,4.0
 B00005QVUT,1.25,4.5
 B0010XOVSI,0.235294117647,4.11764705882
 B00008YLV1,0.527472527473,4.23076923077
 B000067J2N,1.06666666667,4.5
 B00000ACXE,0.280459770115,4.13333333333
 B00000I9PH,1.27777777778,5.0
 B000067J2J,0.987012987013,3.72727272727
 B000067J2K,0.216666666667,3.16666666667
 B000067J2H,2.33333333333,4.0
 B000067J2I,0.0,4.0
 B000067J2V,0.152777777778,4.0
 B000NOIVT0,2.26339285714,3.39285714286
 B004J0DQS0,1.125,4.5
 B00005YTR5,3.0,3.0
 6305754276,1.25,4.0
 B0002B54P8,2.0,4.0
 6305454280,0.214285714286,2.14285714286
 B00005YTR8,0.615384615385,4.92307692308
 B000NDFLWG,-0.0449826989619,4.11764705882
 B000IZJR3I,0.712121212121,4.0
 B000067J2X,0.583850931677,3.28571428571
 B000067J2Y,2.0,3.42857142857
 B003GC47YY,2.0,5.0
 B000JJRY7O,1.47222222222,4.66666666667
 1578072123,0.380952380952,5.0
 6303031498,1.0,5.0
 B007XF0X4I,0.0598290598291,2.95555555556
 B00112S8RS,0.360454115421,3.76158940397
 B0001G6PZC,0.228167617158,4.12293577982
 B000TGUUG4,0.666666666667,4.33333333333
 B00005Y961,2.0,5.0
 6300157423,1.375,4.0
 B00004RXMK,1.65517241379,4.24137931034
 B003O5MN1C,1.58333333333,4.92857142857
 B00004WCM9,1.01672640382,4.64516129032
 B0002VKZYS,1.8125,3.375
 B0007Z9RCU,-0.276923076923,3.76923076923
 B004EFBRMC,0.960591133005,4.1724137931
 B0007YXPCY,2.25,5.0
 B000ID1Q02,0.258953168044,4.66666666667
 6301661869,0.5,3.5
 6304580878,0.469696969697,3.58333333333
 B006GHA9QQ,5.36890243902,3.76219512195
 B00005LKLF,1.45,4.05
 B000083ED1,0.108173076923,3.97435897436
 B00005QC3X,1.25,4.16666666667
 6300276554,0.812030075188,4.26315789474
 B00001IVE7,1.0,3.0
 B003JFEIJC,0.105806451613,2.84
 B004MFBJ04,2.77777777778,5.0
 B000CZ0PVM,1.57894736842,4.0
 B00020HBNW,3.0,5.0
 B001PPLJN6,-1.05,1.5
 B000BB1MEQ,2.5,3.0
 B00932ADHQ,0.505050505051,3.27272727273
 6303593593,0.551724137931,4.58620689655
 B0048FQFLG,0.321428571429,3.71428571429
 B00020HBNC,0.888888888889,5.0
 B00008HC97,0.527777777778,4.44444444444
 B00005M1Y0,3.15606936416,4.61271676301
 B000056N8G,-0.333333333333,1.0
 B0041QSZG0,2.0,5.0
 0849986737,4.0,5.0
 B000050X30,4.58333333333,3.5
 B00012FXJ0,0.912765957447,4.23404255319
 B003ODKZXW,0.875,4.875
 B00000JGOY,0.645320197044,4.57142857143
 B00020HBN2,0.0625,5.0
 B00005AB92,1.0,5.0
 B000EF817U,1.33333333333,4.33333333333
 B0035YKW0Q,0.45,3.5
 B00005KA8M,0.619047619048,4.22222222222
 B008JAG4GW,0.31512605042,4.05882352941
 B000083EDB,0.411458333333,4.00520833333
 6305306141,0.220108695652,3.625
 B001PPLJNQ,1.0,3.5
 B00028G74S,1.75,3.0
 B00000JGOJ,0.981617647059,4.47058823529
 B000083EDI,0.663888888889,4.79166666667
 B00000JGOG,0.423558897243,4.04761904762
 B000SM6FBI,-0.4375,1.5
 B00005RT3E,0.464,4.64
 6300133648,0.0952380952381,4.0
 1888617047,0.722222222222,5.0
 B001PTA34I,0.597402597403,3.90909090909
 B000056N8P,1.08333333333,5.0
 6305908028,1.5,4.4
 B00004WCMK,11.0,4.0
 B0009Y2LTU,1.35714285714,5.0
 B003SHYJJ0,0.21107128634,3.17283950617
 B0076XTH8K,0.431818181818,3.0
 0310582792,2.75,5.0
 B00004WCMB,0.093137254902,4.27941176471
 B005WVUM1E,-0.311688311688,3.42857142857
 B001C0NMWK,2.5,5.0
 B000H5V8D6,7.80487804878,4.34146341463
 B000056N8Q,7.8,3.0
 B000X9JZVI,0.5625,4.5
 B00004WCMU,6.21052631579,4.42105263158
 0767002652,0.913461538462,4.75
 6305104352,0.0909090909091,2.5
 B00004WCMS,0.627906976744,3.33720930233
 B000AYEL9M,0.180952380952,2.8
 B000T2MZ3E,2.5,3.0
 B006QUF0QW,1.01268498943,4.18604651163
 B0007OCG4W,0.659290481208,3.35844748858
 B000Y9Z610,1.0,5.0
 B0000DG6XP,0.25,5.0
 B000I9WVZA,0.228723404255,3.76595744681
 B000FDEV02,0.14,3.7
 B000009ELJ,0.0875,2.1
 B003ZXDOW0,-0.111111111111,3.33333333333
 B0006U5UPO,0.465465465465,3.73333333333
 B00005M1Y5,3.11046511628,4.58139534884
 B000VZAV62,0.338050314465,4.08333333333
 B003GAB2LW,0.333333333333,3.0
 1585651788,1.0,2.5
 B0001LQJW6,1.75,5.0
 B000I9WVZU,4.79824561404,4.06578947368
 B0007VY4O0,0.5,1.0
 6302958741,3.0,4.0
 B002KLQ2XG,1.2375,4.2
 B001AS0NU8,0.4,3.0
 B00281DXKS,1.0,4.0
 B000NO2FLU,0.142857142857,3.6
 6303257933,1.17333333333,4.41333333333
 B00006JU7U,0.680555555556,4.53846153846
 B000BNXD28,0.835497835498,4.48484848485
 6304288875,1.0,5.0
 B0000DK4QB,1.0625,4.55555555556
 B004XWGZAU,0.442857142857,3.71428571429
 B005VMWOW4,0.428571428571,4.5
 6304091338,0.499298737728,4.41935483871
 B0000DK4QD,0.304615384615,3.79487179487
 6304286961,8.61904761905,3.95238095238
 0767845234,0.2125,2.4
 B0000DK4QI,2.14297124601,4.19808306709
 B001DBQAZY,0.848484848485,4.93333333333
 B0002BO0V2,1.58333333333,4.0
 B00005952Q,0.704575163399,4.54901960784
 B0000DK4QL,0.950197628458,3.59130434783
 6304493983,0.833333333333,2.0
 B00004T6FK,5.83333333333,4.16666666667
 B000BNXD2S,1.91666666667,4.0
 630294662X,0.394607843137,3.83333333333
 B00000F4KD,0.963461538462,4.43076923077
 B00005V9IG,0.123484848485,4.33333333333
 073600193X,5.33333333333,5.0
 B000RA2R18,1.5,5.0
 6303928455,0.2,3.5
 B001I7HLTW,0.342857142857,3.0
 B00015HX90,8.59016393443,4.55269320843
 B00005U14H,-0.093023255814,4.15503875969
 B000056N8V,0.94,4.3
 B001JPC4N6,0.53869047619,3.96875
 B0007NMJZ4,0.321428571429,5.0
 B000053VQH,0.611111111111,3.33333333333
 B000MTFFM2,0.0227272727273,3.5
 B000AJREL4,0.692307692308,4.66666666667
 B005GLHO48,0.778846153846,4.23076923077
 B003RLEWOY,1.0,3.0
 B00019G4GO,0.55,3.0
 B0044WQIM4,-0.223140495868,2.81818181818
 B000056N8C,0.946153846154,4.76923076923
 B000056N8D,1.66666666667,4.5
 1891664026,0.5,5.0
 B0017HEY8Y,-2.0,5.0
 B00007JZYP,0.931623931624,3.84615384615
 B009K37SUS,0.58064516129,2.5
 6302405939,1.72916666667,4.15625
 B009B6XA1U,0.192307692308,4.84615384615
 B0000BYRO7,5.38095238095,4.42857142857
 B0001Z3HIG,1.11904761905,3.64285714286
 B007I39G3O,0.266666666667,1.4
 6304107242,0.0765217391304,3.2
 B000PY52CW,0.103567318757,4.36363636364
 B004BH1TN0,1.27777777778,4.44444444444
 B0009UZGHS,0.616666666667,3.33333333333
 B00005U14B,-1.125,1.75
 B000AABKYK,1.8,4.0
 B002KBG4TS,2.5,5.0
 B007C7V4BS,2.0,5.0
 5555292082,13.0833333333,4.33333333333
 B000053VQI,0.375,5.0
 B000053VQJ,0.357142857143,3.0
 B0001Y4LSM,0.981481481481,4.25
 B00005LL26,4.33,4.64
